{
	"info": {
		"_postman_id": "a6bee906-1a1f-4b86-ab61-bdc9445bdecf",
		"name": "E-comm-react-node",
		"schema": "https://schema.getpostman.com/json/collection/v2.1.0/collection.json",
		"_exporter_id": "20014397"
	},
	"item": [
		{
			"name": "Users Module",
			"item": [
				{
					"name": "Products",
					"item": [
						{
							"name": "Products all",
							"request": {
								"method": "GET",
								"header": [],
								"url": {
									"raw": "http://localhost:4000/api/v1/products",
									"protocol": "http",
									"host": [
										"localhost"
									],
									"port": "4000",
									"path": [
										"api",
										"v1",
										"products"
									],
									"query": [
										{
											"key": "keyword",
											"value": "11",
											"disabled": true
										},
										{
											"key": "price[lt]",
											"value": "1233",
											"disabled": true
										},
										{
											"key": "page",
											"value": "2",
											"disabled": true
										}
									]
								}
							},
							"response": []
						},
						{
							"name": "Product Details",
							"request": {
								"method": "GET",
								"header": [],
								"url": {
									"raw": "http://localhost:4000/api/v1/product/62adca8d41096a6fad35d834",
									"protocol": "http",
									"host": [
										"localhost"
									],
									"port": "4000",
									"path": [
										"api",
										"v1",
										"product",
										"62adca8d41096a6fad35d834"
									]
								}
							},
							"response": []
						},
						{
							"name": "Product  Review",
							"request": {
								"method": "PUT",
								"header": [],
								"body": {
									"mode": "raw",
									"raw": "{\r\n    \"rating\":3\r\n}",
									"options": {
										"raw": {
											"language": "json"
										}
									}
								},
								"url": {
									"raw": "http://localhost:4000/api/v1/review",
									"protocol": "http",
									"host": [
										"localhost"
									],
									"port": "4000",
									"path": [
										"api",
										"v1",
										"review"
									]
								}
							},
							"response": []
						},
						{
							"name": "Get review by the single Product",
							"request": {
								"method": "GET",
								"header": [],
								"url": {
									"raw": "http://localhost:4000/api/v1/review?id=62b72a88e5b999b17a7edc6f",
									"protocol": "http",
									"host": [
										"localhost"
									],
									"port": "4000",
									"path": [
										"api",
										"v1",
										"review"
									],
									"query": [
										{
											"key": "id",
											"value": "62b72a88e5b999b17a7edc6f"
										}
									]
								}
							},
							"response": []
						},
						{
							"name": "New Request",
							"request": {
								"method": "DELETE",
								"header": [],
								"url": {
									"raw": "http://localhost:4000/api/v1/review?productId=62b72a88e5b999b17a7edc6f&id=62b9bb8ffe4622dee64f7eb5",
									"protocol": "http",
									"host": [
										"localhost"
									],
									"port": "4000",
									"path": [
										"api",
										"v1",
										"review"
									],
									"query": [
										{
											"key": "productId",
											"value": "62b72a88e5b999b17a7edc6f"
										},
										{
											"key": "id",
											"value": "62b9bb8ffe4622dee64f7eb5"
										}
									]
								}
							},
							"response": []
						}
					]
				},
				{
					"name": "User Profile  Details",
					"request": {
						"method": "GET",
						"header": [],
						"url": {
							"raw": "http://localhost:4000/api/v1/profile-details",
							"protocol": "http",
							"host": [
								"localhost"
							],
							"port": "4000",
							"path": [
								"api",
								"v1",
								"profile-details"
							]
						}
					},
					"response": []
				},
				{
					"name": "Update user Password",
					"request": {
						"method": "POST",
						"header": [],
						"body": {
							"mode": "raw",
							"raw": "{\r\n    \"old_password\":\"1122334455\",\r\n    \"new_password\":\"11223344\",\r\n    \"confirm_password\":\"11223344\"\r\n}",
							"options": {
								"raw": {
									"language": "json"
								}
							}
						},
						"url": {
							"raw": "http://localhost:4000/api/v1/update/password",
							"protocol": "http",
							"host": [
								"localhost"
							],
							"port": "4000",
							"path": [
								"api",
								"v1",
								"update",
								"password"
							]
						}
					},
					"response": []
				},
				{
					"name": "Update user Profile Data",
					"request": {
						"method": "POST",
						"header": [],
						"body": {
							"mode": "raw",
							"raw": "{\r\n    \"name\":\"Amit Kumar Update\",\r\n    \"email\":\"amitkumarudpate@gmail.com\"\r\n}",
							"options": {
								"raw": {
									"language": "json"
								}
							}
						},
						"url": {
							"raw": "http://localhost:4000/api/v1/update/profile",
							"protocol": "http",
							"host": [
								"localhost"
							],
							"port": "4000",
							"path": [
								"api",
								"v1",
								"update",
								"profile"
							]
						}
					},
					"response": []
				}
			]
		},
		{
			"name": "Admin Module",
			"item": [
				{
					"name": "Product Management",
					"item": [
						{
							"name": "Product Create",
							"request": {
								"method": "POST",
								"header": [],
								"body": {
									"mode": "raw",
									"raw": "{\r\n    \"name\":\"I Phone 12 Pro Max454\",\r\n    \"description\": \"This is the iphone\",\r\n    \"price\": 16000,\r\n    \"rating\": 3,\r\n    \"category\": \"Electronic\",\r\n    \"stock\": 3,\r\n    \"images\":{\r\n        \"public_id\":\"p image\",\r\n        \"url\":\"adfasdfas.jpg\"\r\n    }\r\n}",
									"options": {
										"raw": {
											"language": "json"
										}
									}
								},
								"url": {
									"raw": "http://localhost:4000/api/v1/admin/product/create",
									"protocol": "http",
									"host": [
										"localhost"
									],
									"port": "4000",
									"path": [
										"api",
										"v1",
										"admin",
										"product",
										"create"
									]
								}
							},
							"response": []
						},
						{
							"name": "Product Update",
							"request": {
								"method": "PUT",
								"header": [],
								"body": {
									"mode": "raw",
									"raw": "{\r\n    \"name\":\"I Phone 12 Pro Max\",\r\n    \"description\": \"This is the iphone iphone 12pro max\",\r\n    \"price\": 15000,\r\n    \"rating\": 3,\r\n    \"category\": \"Electronic\",\r\n    \"stock\": 3,\r\n    \"images\":{\r\n        \"public_id\":\"12pro max image\",\r\n        \"url\":\"12pro.jpg\"\r\n    }\r\n}",
									"options": {
										"raw": {
											"language": "json"
										}
									}
								},
								"url": {
									"raw": "http://localhost:4000/api/v1/admin/product/62adc34cc951fa6b7b0c97cb",
									"protocol": "http",
									"host": [
										"localhost"
									],
									"port": "4000",
									"path": [
										"api",
										"v1",
										"admin",
										"product",
										"62adc34cc951fa6b7b0c97cb"
									]
								}
							},
							"response": []
						},
						{
							"name": "Product Delete By id",
							"request": {
								"method": "DELETE",
								"header": [],
								"url": {
									"raw": "http://localhost:4000/api/v1/admin/product/62adddaa250de6a9fa83af19",
									"protocol": "http",
									"host": [
										"localhost"
									],
									"port": "4000",
									"path": [
										"api",
										"v1",
										"admin",
										"product",
										"62adddaa250de6a9fa83af19"
									]
								}
							},
							"response": []
						}
					]
				},
				{
					"name": "Users Management",
					"item": [
						{
							"name": "Get All Users",
							"protocolProfileBehavior": {
								"disableBodyPruning": true
							},
							"request": {
								"method": "GET",
								"header": [],
								"body": {
									"mode": "raw",
									"raw": "",
									"options": {
										"raw": {
											"language": "json"
										}
									}
								},
								"url": {
									"raw": "http://localhost:4000/api/v1/admin/users",
									"protocol": "http",
									"host": [
										"localhost"
									],
									"port": "4000",
									"path": [
										"api",
										"v1",
										"admin",
										"users"
									]
								}
							},
							"response": []
						},
						{
							"name": "Get User Details",
							"request": {
								"method": "GET",
								"header": [],
								"url": {
									"raw": "http://localhost:4000/api/v1/admin/user/62b8ae4ea87a259feb281a40",
									"protocol": "http",
									"host": [
										"localhost"
									],
									"port": "4000",
									"path": [
										"api",
										"v1",
										"admin",
										"user",
										"62b8ae4ea87a259feb281a40"
									]
								}
							},
							"response": []
						},
						{
							"name": "Update User",
							"request": {
								"method": "PUT",
								"header": [],
								"body": {
									"mode": "raw",
									"raw": "{\r\n    \"name\": \"Sandeep Kumar\",\r\n    \"email\": \"sandeepupdate@gmail.com\",\r\n    \"avatar\":{\r\n        \"public_id\":\"amit.jpg\",\r\n        \"url\":\"amit.jpg\"\r\n    },\r\n    \"role\":\"admin\"\r\n}",
									"options": {
										"raw": {
											"language": "json"
										}
									}
								},
								"url": {
									"raw": "http://localhost:4000/api/v1/admin/user/62b8ae4ea87a259feb281a40",
									"protocol": "http",
									"host": [
										"localhost"
									],
									"port": "4000",
									"path": [
										"api",
										"v1",
										"admin",
										"user",
										"62b8ae4ea87a259feb281a40"
									]
								}
							},
							"response": []
						},
						{
							"name": "Delete User By Id",
							"request": {
								"method": "DELETE",
								"header": [],
								"url": {
									"raw": "http://localhost:4000/api/v1/admin/user/85858",
									"protocol": "http",
									"host": [
										"localhost"
									],
									"port": "4000",
									"path": [
										"api",
										"v1",
										"admin",
										"user",
										"85858"
									]
								}
							},
							"response": []
						},
						{
							"name": "Create User",
							"request": {
								"method": "POST",
								"header": [],
								"body": {
									"mode": "raw",
									"raw": "{\r\n    \"name\":\"Sandeep Kumar\",\r\n    \"email\":\"sandeep1@gmail.com\",\r\n    \"password\":\"11223344\",\r\n    \"avatar\":{\r\n        \"public_id\":\"amit.jpg\",\r\n        \"url\":\"amit.jpg\"\r\n    }\r\n}",
									"options": {
										"raw": {
											"language": "json"
										}
									}
								},
								"url": {
									"raw": "http://localhost:4000/api/v1/admin/user/create",
									"protocol": "http",
									"host": [
										"localhost"
									],
									"port": "4000",
									"path": [
										"api",
										"v1",
										"admin",
										"user",
										"create"
									]
								}
							},
							"response": []
						},
						{
							"name": "Update User Role",
							"request": {
								"method": "POST",
								"header": [],
								"body": {
									"mode": "raw",
									"raw": "{\r\n    \"name\": \"Sandeep Kumar\",\r\n    \"email\": \"sandeepupdate@gmail.com\",\r\n    \"role\": \"user\"\r\n}",
									"options": {
										"raw": {
											"language": "json"
										}
									}
								},
								"url": {
									"raw": "http://localhost:4000/api/v1/admin/userUpdateRole/62b8ae4ea87a259feb281a40",
									"protocol": "http",
									"host": [
										"localhost"
									],
									"port": "4000",
									"path": [
										"api",
										"v1",
										"admin",
										"userUpdateRole",
										"62b8ae4ea87a259feb281a40"
									]
								}
							},
							"response": []
						}
					]
				}
			]
		},
		{
			"name": "Login Management",
			"item": [
				{
					"name": "Login",
					"request": {
						"method": "POST",
						"header": [],
						"body": {
							"mode": "raw",
							"raw": "{\r\n    \r\n    \"email\":\"amit@gmail.com\",\r\n    \"password\":\"11223344\"\r\n}",
							"options": {
								"raw": {
									"language": "json"
								}
							}
						},
						"url": {
							"raw": "http://localhost:4000/api/v1/login",
							"protocol": "http",
							"host": [
								"localhost"
							],
							"port": "4000",
							"path": [
								"api",
								"v1",
								"login"
							]
						}
					},
					"response": []
				},
				{
					"name": "Logout",
					"request": {
						"method": "GET",
						"header": [],
						"url": {
							"raw": "http://localhost:4000/api/v1/logout",
							"protocol": "http",
							"host": [
								"localhost"
							],
							"port": "4000",
							"path": [
								"api",
								"v1",
								"logout"
							]
						}
					},
					"response": []
				},
				{
					"name": "Forgot Password",
					"request": {
						"method": "POST",
						"header": [],
						"body": {
							"mode": "raw",
							"raw": "{\r\n    \"email\":\"amitkumar@gmail.com\"\r\n}",
							"options": {
								"raw": {
									"language": "json"
								}
							}
						},
						"url": {
							"raw": "http://localhost:4000/api/v1/forgot/password",
							"protocol": "http",
							"host": [
								"localhost"
							],
							"port": "4000",
							"path": [
								"api",
								"v1",
								"forgot",
								"password"
							]
						}
					},
					"response": []
				},
				{
					"name": "Registration",
					"request": {
						"method": "POST",
						"header": [],
						"body": {
							"mode": "raw",
							"raw": "{\r\n    \"name\":\"Sandeep Kumar\",\r\n    \"email\":\"sandeep@gmail.com\",\r\n    \"password\":\"11223344\",\r\n    \"avatar\":{\r\n        \"public_id\":\"amit.jpg\",\r\n        \"url\":\"amit.jpg\"\r\n    }\r\n}",
							"options": {
								"raw": {
									"language": "json"
								}
							}
						},
						"url": {
							"raw": "http://localhost:4000/api/v1/register",
							"protocol": "http",
							"host": [
								"localhost"
							],
							"port": "4000",
							"path": [
								"api",
								"v1",
								"register"
							]
						}
					},
					"response": []
				}
			]
		},
		{
			"name": "Product Order",
			"item": [
				{
					"name": "New Order",
					"request": {
						"method": "POST",
						"header": [],
						"body": {
							"mode": "raw",
							"raw": "{\r\n    \"itemPrice\":200,\r\n    \"taxPrice\":45,\r\n    \"shippingPrice\":100,\r\n    \"totalPrice\":650,\r\n    \"orderItems\":[\r\n        {\r\n            \"product_id\":\"62b72a88e5b999b17a7edc6f\",\r\n            \"name\":\"Iphone 13Pro Max\",\r\n            \"price\":\"16000\",\r\n            \"quantity\":\"1\",\r\n            \"image\":\"abc.jpg\"\r\n        }\r\n    ],\r\n    \"shippingInfo\":\r\n    {\r\n        \"address\":\"California Losanglish\",\r\n        \"city\":\"New Yark\",\r\n        \"state\":\"California\",\r\n        \"country\":\"USA\",\r\n        \"pinCode\":\"11124552\",\r\n        \"phoneNo\":\"3216547892\"\r\n    },\r\n    \"paymentInfo\":\r\n    { \r\n        \"id\" :\"ASDFASDF23423SDFAS\",\r\n        \"status\" :\"Succeeded\"\r\n       \r\n    }\r\n}",
							"options": {
								"raw": {
									"language": "json"
								}
							}
						},
						"url": {
							"raw": "http://localhost:4000/api/v1/order/new",
							"protocol": "http",
							"host": [
								"localhost"
							],
							"port": "4000",
							"path": [
								"api",
								"v1",
								"order",
								"new"
							]
						}
					},
					"response": []
				},
				{
					"name": "Get Single order",
					"request": {
						"method": "GET",
						"header": [],
						"url": {
							"raw": "http://localhost:4000/api/v1/order/62bb037d08437a50603aa590",
							"protocol": "http",
							"host": [
								"localhost"
							],
							"port": "4000",
							"path": [
								"api",
								"v1",
								"order",
								"62bb037d08437a50603aa590"
							]
						}
					},
					"response": []
				},
				{
					"name": "Get My Order",
					"request": {
						"method": "GET",
						"header": [],
						"url": {
							"raw": "http://localhost:4000/api/v1/my-orders/",
							"protocol": "http",
							"host": [
								"localhost"
							],
							"port": "4000",
							"path": [
								"api",
								"v1",
								"my-orders",
								""
							]
						}
					},
					"response": []
				},
				{
					"name": "Get all Order -- Admin",
					"request": {
						"method": "GET",
						"header": [],
						"url": {
							"raw": "http://localhost:4000/api/v1/admin/orders",
							"protocol": "http",
							"host": [
								"localhost"
							],
							"port": "4000",
							"path": [
								"api",
								"v1",
								"admin",
								"orders"
							]
						}
					},
					"response": []
				},
				{
					"name": "Update Order Status -- Admin",
					"request": {
						"method": "PUT",
						"header": [],
						"body": {
							"mode": "raw",
							"raw": "{\r\n    \"status\":\"Processing\"\r\n}",
							"options": {
								"raw": {
									"language": "json"
								}
							}
						},
						"url": {
							"raw": "http://localhost:4000/api/v1/admin/order/62bb34bae39f5d638d536e28",
							"protocol": "http",
							"host": [
								"localhost"
							],
							"port": "4000",
							"path": [
								"api",
								"v1",
								"admin",
								"order",
								"62bb34bae39f5d638d536e28"
							],
							"query": [
								{
									"key": "status",
									"value": "Delevered",
									"disabled": true
								}
							]
						}
					},
					"response": []
				},
				{
					"name": "Delete Order --Admin",
					"request": {
						"method": "DELETE",
						"header": [],
						"url": {
							"raw": "http://localhost:4000/api/v1/admin/order/62bb2ed3c8e4a9dbab92f54e",
							"protocol": "http",
							"host": [
								"localhost"
							],
							"port": "4000",
							"path": [
								"api",
								"v1",
								"admin",
								"order",
								"62bb2ed3c8e4a9dbab92f54e"
							]
						}
					},
					"response": []
				}
			]
		}
	]
}